-- MySQL Script generated by MySQL Workbench
-- Fri Jun  9 16:29:35 2023
-- Model: New Model    Version: 1.0
-- MySQL Workbench Forward Engineering

SET @OLD_UNIQUE_CHECKS=@@UNIQUE_CHECKS, UNIQUE_CHECKS=0;
SET @OLD_FOREIGN_KEY_CHECKS=@@FOREIGN_KEY_CHECKS, FOREIGN_KEY_CHECKS=0;
SET @OLD_SQL_MODE=@@SQL_MODE, SQL_MODE='ONLY_FULL_GROUP_BY,STRICT_TRANS_TABLES,NO_ZERO_IN_DATE,NO_ZERO_DATE,ERROR_FOR_DIVISION_BY_ZERO,NO_ENGINE_SUBSTITUTION';

-- -----------------------------------------------------
-- Schema mydb
-- -----------------------------------------------------

-- -----------------------------------------------------
-- Schema mydb
-- -----------------------------------------------------
CREATE SCHEMA IF NOT EXISTS `mydb` DEFAULT CHARACTER SET utf8 ;
USE `mydb` ;

-- -----------------------------------------------------
-- Table `mydb`.`Customers`
-- -----------------------------------------------------
CREATE TABLE IF NOT EXISTS `mydb`.`Customers` (
  `id_customer` INT NOT NULL AUTO_INCREMENT,
  `first_name` VARCHAR(45) NOT NULL,
  `last_name` VARCHAR(45) NOT NULL,
  `sex` VARCHAR(45) NULL,
  `phone` BIGINT NOT NULL,
  `address` VARCHAR(100) NOT NULL,
  `email` VARCHAR(45) NOT NULL,
  UNIQUE INDEX `id_customer_UNIQUE` (`id_customer` ASC) VISIBLE,
  PRIMARY KEY (`id_customer`),
  UNIQUE INDEX `email_UNIQUE` (`email` ASC) VISIBLE)
ENGINE = InnoDB;


-- -----------------------------------------------------
-- Table `mydb`.`Employee`
-- -----------------------------------------------------
CREATE TABLE IF NOT EXISTS `mydb`.`Employee` (
  `id_employee` INT NOT NULL AUTO_INCREMENT,
  `fio` VARCHAR(60) NOT NULL,
  `position` VARCHAR(45) NOT NULL,
  PRIMARY KEY (`id_employee`),
  UNIQUE INDEX `id_employee_UNIQUE` (`id_employee` ASC) VISIBLE)
ENGINE = InnoDB;


-- -----------------------------------------------------
-- Table `mydb`.`Vehicles`
-- -----------------------------------------------------
CREATE TABLE IF NOT EXISTS `mydb`.`Vehicles` (
  `id_vehicles` INT NOT NULL AUTO_INCREMENT,
  `category` VARCHAR(45) NOT NULL,
  `numbers` VARCHAR(10) NULL,
  UNIQUE INDEX `id_vehicles_UNIQUE` (`id_vehicles` ASC) VISIBLE,
  PRIMARY KEY (`id_vehicles`),
  UNIQUE INDEX `numbers_UNIQUE` (`numbers` ASC) VISIBLE)
ENGINE = InnoDB;


-- -----------------------------------------------------
-- Table `mydb`.`Курьеры`
-- -----------------------------------------------------
CREATE TABLE IF NOT EXISTS `mydb`.`Курьеры` (
  `id_courier` INT NOT NULL AUTO_INCREMENT,
  `id_vehicles` INT NOT NULL,
  `name` VARCHAR(45) NOT NULL,
  `phone` BIGINT NOT NULL,
  PRIMARY KEY (`id_courier`, `id_vehicles`),
  UNIQUE INDEX `id_courier_UNIQUE` (`id_courier` ASC) VISIBLE,
  UNIQUE INDEX `phone_UNIQUE` (`phone` ASC) VISIBLE,
  UNIQUE INDEX `id_vehicles_UNIQUE` (`id_vehicles` ASC) VISIBLE,
  CONSTRAINT `id_vehicles`
    FOREIGN KEY (`id_vehicles`)
    REFERENCES `mydb`.`Vehicles` (`id_vehicles`)
    ON DELETE CASCADE
    ON UPDATE CASCADE)
ENGINE = InnoDB;


-- -----------------------------------------------------
-- Table `mydb`.`Delivery`
-- -----------------------------------------------------
CREATE TABLE IF NOT EXISTS `mydb`.`Delivery` (
  `id_delivery` INT NOT NULL,
  `id_courier` INT NOT NULL,
  `date` DATE NOT NULL,
  PRIMARY KEY (`id_delivery`, `id_courier`),
  INDEX `courier_idx` (`id_courier` ASC) VISIBLE,
  CONSTRAINT `courier`
    FOREIGN KEY (`id_courier`)
    REFERENCES `mydb`.`Курьеры` (`id_courier`)
    ON DELETE CASCADE
    ON UPDATE CASCADE)
ENGINE = InnoDB;


-- -----------------------------------------------------
-- Table `mydb`.`Orders`
-- -----------------------------------------------------
CREATE TABLE IF NOT EXISTS `mydb`.`Orders` (
  `id_order` INT NOT NULL AUTO_INCREMENT,
  `id_customer` INT NOT NULL,
  `id_delivery` INT NOT NULL,
  `id_respons_employee` INT NOT NULL,
  `OrderDatTime` DATE NOT NULL,
  `order_status` VARCHAR(45) NOT NULL,
  PRIMARY KEY (`id_order`, `id_customer`, `id_delivery`, `id_respons_employee`),
  UNIQUE INDEX `id_order_UNIQUE` (`id_order` ASC) VISIBLE,
  INDEX `responsible_employee_idx` (`id_respons_employee` ASC) VISIBLE,
  INDEX `fk_Заказы_Доставка1_idx` (`id_delivery` ASC) VISIBLE,
  CONSTRAINT `customer_for_order`
    FOREIGN KEY (`id_customer`)
    REFERENCES `mydb`.`Customers` (`id_customer`)
    ON DELETE CASCADE
    ON UPDATE CASCADE,
  CONSTRAINT `responsible_employee`
    FOREIGN KEY (`id_respons_employee`)
    REFERENCES `mydb`.`Employee` (`id_employee`)
    ON DELETE CASCADE
    ON UPDATE CASCADE,
  CONSTRAINT `fk_Заказы_Доставка1`
    FOREIGN KEY (`id_delivery`)
    REFERENCES `mydb`.`Delivery` (`id_delivery`)
    ON DELETE CASCADE
    ON UPDATE CASCADE)
ENGINE = InnoDB;


-- -----------------------------------------------------
-- Table `mydb`.`Warehouse`
-- -----------------------------------------------------
CREATE TABLE IF NOT EXISTS `mydb`.`Warehouse` (
  `id_warehouse` INT NOT NULL,
  `Location` VARCHAR(255) NOT NULL,
  `Capacity` VARCHAR(45) NOT NULL,
  PRIMARY KEY (`id_warehouse`),
  UNIQUE INDEX `id_warehouse_UNIQUE` (`id_warehouse` ASC) VISIBLE)
ENGINE = InnoDB;


-- -----------------------------------------------------
-- Table `mydb`.`CategoryProduct`
-- -----------------------------------------------------
CREATE TABLE IF NOT EXISTS `mydb`.`CategoryProduct` (
  `id_category` INT NOT NULL,
  `name` VARCHAR(45) NOT NULL,
  `description` TEXT NOT NULL,
  PRIMARY KEY (`id_category`),
  UNIQUE INDEX `name_UNIQUE` (`name` ASC) VISIBLE)
ENGINE = InnoDB;


-- -----------------------------------------------------
-- Table `mydb`.`Supplier`
-- -----------------------------------------------------
CREATE TABLE IF NOT EXISTS `mydb`.`Supplier` (
  `id_supplier` INT NOT NULL AUTO_INCREMENT,
  `name` VARCHAR(45) NOT NULL,
  `description` TEXT NOT NULL,
  `address` VARCHAR(45) NOT NULL,
  PRIMARY KEY (`id_supplier`),
  UNIQUE INDEX `id_supplier_UNIQUE` (`id_supplier` ASC) VISIBLE,
  UNIQUE INDEX `name_UNIQUE` (`name` ASC) VISIBLE,
  UNIQUE INDEX `address_UNIQUE` (`address` ASC) VISIBLE)
ENGINE = InnoDB;


-- -----------------------------------------------------
-- Table `mydb`.`Product`
-- -----------------------------------------------------
CREATE TABLE IF NOT EXISTS `mydb`.`Product` (
  `id_product` INT NOT NULL AUTO_INCREMENT,
  `id_warehouse` INT NOT NULL,
  `id_supplier` INT NOT NULL,
  `id_order` INT NOT NULL,
  `id_category` INT NOT NULL,
  `name` VARCHAR(45) NOT NULL,
  `description` VARCHAR(45) NOT NULL,
  `expiration_date` DATE NOT NULL,
  `price` INT NOT NULL,
  PRIMARY KEY (`id_product`, `id_warehouse`, `id_supplier`, `id_order`, `id_category`),
  UNIQUE INDEX `id_products_UNIQUE` (`id_product` ASC) VISIBLE,
  UNIQUE INDEX `name_UNIQUE` (`name` ASC) VISIBLE,
  INDEX `warehouse_idx` (`id_warehouse` ASC) VISIBLE,
  INDEX `basket_idx` (`id_order` ASC) VISIBLE,
  INDEX `category_idx` (`id_category` ASC) VISIBLE,
  INDEX `supplier_idx` (`id_supplier` ASC) VISIBLE,
  CONSTRAINT `warehouse`
    FOREIGN KEY (`id_warehouse`)
    REFERENCES `mydb`.`Warehouse` (`id_warehouse`)
    ON DELETE CASCADE
    ON UPDATE CASCADE,
  CONSTRAINT `basket`
    FOREIGN KEY (`id_order`)
    REFERENCES `mydb`.`Orders` (`id_order`)
    ON DELETE CASCADE
    ON UPDATE CASCADE,
  CONSTRAINT `category`
    FOREIGN KEY (`id_category`)
    REFERENCES `mydb`.`CategoryProduct` (`id_category`)
    ON DELETE CASCADE
    ON UPDATE CASCADE,
  CONSTRAINT `supplier`
    FOREIGN KEY (`id_supplier`)
    REFERENCES `mydb`.`Supplier` (`id_supplier`)
    ON DELETE CASCADE
    ON UPDATE CASCADE)
ENGINE = InnoDB;


SET SQL_MODE=@OLD_SQL_MODE;
SET FOREIGN_KEY_CHECKS=@OLD_FOREIGN_KEY_CHECKS;
SET UNIQUE_CHECKS=@OLD_UNIQUE_CHECKS;

-- -----------------------------------------------------
-- Data for table `mydb`.`Customers`
-- -----------------------------------------------------
START TRANSACTION;
USE `mydb`;
INSERT INTO `mydb`.`Customers` (`id_customer`, `first_name`, `last_name`, `sex`, `phone`, `address`, `email`) VALUES (1, 'Денис', 'Каргаполов', 'F', 79951488, 'ул.Злюк', 'deniska@rediska.com');
INSERT INTO `mydb`.`Customers` (`id_customer`, `first_name`, `last_name`, `sex`, `phone`, `address`, `email`) VALUES (2, 'Амира', 'Зухир', 'F', 76666666, 'ул.Марокканская', 'amiro4ka_not_haram@notdog.com');
INSERT INTO `mydb`.`Customers` (`id_customer`, `first_name`, `last_name`, `sex`, `phone`, `address`, `email`) VALUES (3, 'Владик', 'Воложанчик', 'M', 777766680, 'пр.Пофигистов', 'kachok@gym.com');
INSERT INTO `mydb`.`Customers` (`id_customer`, `first_name`, `last_name`, `sex`, `phone`, `address`, `email`) VALUES (4, 'Анастасия', 'Крючкова', 'F', 789088878, 'ул.Душная', 'fortochka@closed.com');
INSERT INTO `mydb`.`Customers` (`id_customer`, `first_name`, `last_name`, `sex`, `phone`, `address`, `email`) VALUES (5, 'Майке', 'Чен', 'F', 778908728, 'ул.Китайская', 'wahaha@haha.ru');
INSERT INTO `mydb`.`Customers` (`id_customer`, `first_name`, `last_name`, `sex`, `phone`, `address`, `email`) VALUES (6, 'Павлик', 'Павлушов', 'F', 788999547, 'ул.Мрозовых', 'piece@mail.ru');
INSERT INTO `mydb`.`Customers` (`id_customer`, `first_name`, `last_name`, `sex`, `phone`, `address`, `email`) VALUES (7, 'Юлька', 'Барановская', 'F', 444444444, 'пр.Славы', 'wow@mail.ru');
INSERT INTO `mydb`.`Customers` (`id_customer`, `first_name`, `last_name`, `sex`, `phone`, `address`, `email`) VALUES (8, 'Дима', 'Огуречников', 'F', 454547788, 'пр.Уточкина', 'ma@ma');

COMMIT;


-- -----------------------------------------------------
-- Data for table `mydb`.`Employee`
-- -----------------------------------------------------
START TRANSACTION;
USE `mydb`;
INSERT INTO `mydb`.`Employee` (`id_employee`, `fio`, `position`) VALUES (321, 'Тряпкова Евгения Прекрасновна', 'собиратель заказов');
INSERT INTO `mydb`.`Employee` (`id_employee`, `fio`, `position`) VALUES (322, 'Клавиатура Анастасия Бегемотовна', 'собиратель заказов');
INSERT INTO `mydb`.`Employee` (`id_employee`, `fio`, `position`) VALUES (323, 'Кабель Денис Трешович', 'собиратель заказов');
INSERT INTO `mydb`.`Employee` (`id_employee`, `fio`, `position`) VALUES (324, 'Спорт Владислав Надоедович', 'зам.директора');
INSERT INTO `mydb`.`Employee` (`id_employee`, `fio`, `position`) VALUES (325, 'Суровая Амира Милашовна', 'Ген-директор');

COMMIT;


-- -----------------------------------------------------
-- Data for table `mydb`.`Vehicles`
-- -----------------------------------------------------
START TRANSACTION;
USE `mydb`;
INSERT INTO `mydb`.`Vehicles` (`id_vehicles`, `category`, `numbers`) VALUES (1, 'метла', 'ММ543');
INSERT INTO `mydb`.`Vehicles` (`id_vehicles`, `category`, `numbers`) VALUES (2, 'самокат', 'СС342');
INSERT INTO `mydb`.`Vehicles` (`id_vehicles`, `category`, `numbers`) VALUES (3, 'электроамокат', 'ЭС234');
INSERT INTO `mydb`.`Vehicles` (`id_vehicles`, `category`, `numbers`) VALUES (4, 'велосипед', 'ВВ34');
INSERT INTO `mydb`.`Vehicles` (`id_vehicles`, `category`, `numbers`) VALUES (5, 'велосипед', 'ВВ35');
INSERT INTO `mydb`.`Vehicles` (`id_vehicles`, `category`, `numbers`) VALUES (6, 'автомобиль', 'АВ23');
INSERT INTO `mydb`.`Vehicles` (`id_vehicles`, `category`, `numbers`) VALUES (7, 'автомобиль', 'АВ53');

COMMIT;


-- -----------------------------------------------------
-- Data for table `mydb`.`Курьеры`
-- -----------------------------------------------------
START TRANSACTION;
USE `mydb`;
INSERT INTO `mydb`.`Курьеры` (`id_courier`, `id_vehicles`, `name`, `phone`) VALUES (11, 1, 'Настюшка', +7924543634);
INSERT INTO `mydb`.`Курьеры` (`id_courier`, `id_vehicles`, `name`, `phone`) VALUES (22, 2, 'Баба-Яга', +7922633678);
INSERT INTO `mydb`.`Курьеры` (`id_courier`, `id_vehicles`, `name`, `phone`) VALUES (33, 3, 'Дениска', +7924543268);
INSERT INTO `mydb`.`Курьеры` (`id_courier`, `id_vehicles`, `name`, `phone`) VALUES (44, 4, 'Владик', +7924541053);
INSERT INTO `mydb`.`Курьеры` (`id_courier`, `id_vehicles`, `name`, `phone`) VALUES (55, 5, 'Рамаз', +7924543090);
INSERT INTO `mydb`.`Курьеры` (`id_courier`, `id_vehicles`, `name`, `phone`) VALUES (66, 6, 'Парвоз', +7924543222);
INSERT INTO `mydb`.`Курьеры` (`id_courier`, `id_vehicles`, `name`, `phone`) VALUES (77, 7, 'Антон', +7924543432);

COMMIT;


-- -----------------------------------------------------
-- Data for table `mydb`.`Delivery`
-- -----------------------------------------------------
START TRANSACTION;
USE `mydb`;
INSERT INTO `mydb`.`Delivery` (`id_delivery`, `id_courier`, `date`) VALUES (1, 22, '2015-04-05');
INSERT INTO `mydb`.`Delivery` (`id_delivery`, `id_courier`, `date`) VALUES (2, 22, '2015-05-05');
INSERT INTO `mydb`.`Delivery` (`id_delivery`, `id_courier`, `date`) VALUES (3, 55, '2015-05-12');
INSERT INTO `mydb`.`Delivery` (`id_delivery`, `id_courier`, `date`) VALUES (4, 44, '2015-06-12');
INSERT INTO `mydb`.`Delivery` (`id_delivery`, `id_courier`, `date`) VALUES (5, 66, '2015-06-18');
INSERT INTO `mydb`.`Delivery` (`id_delivery`, `id_courier`, `date`) VALUES (6, 66, '2015-06-19');
INSERT INTO `mydb`.`Delivery` (`id_delivery`, `id_courier`, `date`) VALUES (7, 77, '2015-07-20');
INSERT INTO `mydb`.`Delivery` (`id_delivery`, `id_courier`, `date`) VALUES (8, 77, '2015-08-21');
INSERT INTO `mydb`.`Delivery` (`id_delivery`, `id_courier`, `date`) VALUES (9, 11, '2015-09-22');
INSERT INTO `mydb`.`Delivery` (`id_delivery`, `id_courier`, `date`) VALUES (10, 33, '2015-10-10');
INSERT INTO `mydb`.`Delivery` (`id_delivery`, `id_courier`, `date`) VALUES (11, 11, '2015-11-11');
INSERT INTO `mydb`.`Delivery` (`id_delivery`, `id_courier`, `date`) VALUES (12, 22, '2015-11-12');
INSERT INTO `mydb`.`Delivery` (`id_delivery`, `id_courier`, `date`) VALUES (13, 33, '2015-11-14');
INSERT INTO `mydb`.`Delivery` (`id_delivery`, `id_courier`, `date`) VALUES (14, 44, '2015-11-19');
INSERT INTO `mydb`.`Delivery` (`id_delivery`, `id_courier`, `date`) VALUES (15, 55, '2015-12-12');
INSERT INTO `mydb`.`Delivery` (`id_delivery`, `id_courier`, `date`) VALUES (16, 66, '2015-12-13');
INSERT INTO `mydb`.`Delivery` (`id_delivery`, `id_courier`, `date`) VALUES (17, 77, '2015-12-18');
INSERT INTO `mydb`.`Delivery` (`id_delivery`, `id_courier`, `date`) VALUES (18, 11, '2015-12-19');
INSERT INTO `mydb`.`Delivery` (`id_delivery`, `id_courier`, `date`) VALUES (19, 22, '2016-01-01');
INSERT INTO `mydb`.`Delivery` (`id_delivery`, `id_courier`, `date`) VALUES (20, 33, '2016-01-02');

COMMIT;


-- -----------------------------------------------------
-- Data for table `mydb`.`Orders`
-- -----------------------------------------------------
START TRANSACTION;
USE `mydb`;
INSERT INTO `mydb`.`Orders` (`id_order`, `id_customer`, `id_delivery`, `id_respons_employee`, `OrderDatTime`, `order_status`) VALUES (1, 1, 1, 321, '2014-01-05', 'получен');
INSERT INTO `mydb`.`Orders` (`id_order`, `id_customer`, `id_delivery`, `id_respons_employee`, `OrderDatTime`, `order_status`) VALUES (2, 1, 2, 321, '2014-01-06', 'получен');
INSERT INTO `mydb`.`Orders` (`id_order`, `id_customer`, `id_delivery`, `id_respons_employee`, `OrderDatTime`, `order_status`) VALUES (3, 2, 3, 321, '2014-02.12', 'получен');
INSERT INTO `mydb`.`Orders` (`id_order`, `id_customer`, `id_delivery`, `id_respons_employee`, `OrderDatTime`, `order_status`) VALUES (4, 2, 4, 321, '2014-02-21', 'получен');
INSERT INTO `mydb`.`Orders` (`id_order`, `id_customer`, `id_delivery`, `id_respons_employee`, `OrderDatTime`, `order_status`) VALUES (5, 3, 5, 321, '2014-03-02', 'получен');
INSERT INTO `mydb`.`Orders` (`id_order`, `id_customer`, `id_delivery`, `id_respons_employee`, `OrderDatTime`, `order_status`) VALUES (6, 3, 6, 322, '2014-03-05', 'получен');
INSERT INTO `mydb`.`Orders` (`id_order`, `id_customer`, `id_delivery`, `id_respons_employee`, `OrderDatTime`, `order_status`) VALUES (7, 4, 7, 322, '2014-03-18', 'получен');
INSERT INTO `mydb`.`Orders` (`id_order`, `id_customer`, `id_delivery`, `id_respons_employee`, `OrderDatTime`, `order_status`) VALUES (8, 4, 8, 322, '2014-04-05', 'получен');
INSERT INTO `mydb`.`Orders` (`id_order`, `id_customer`, `id_delivery`, `id_respons_employee`, `OrderDatTime`, `order_status`) VALUES (9, 5, 9, 322, '2014-05-05', 'получен');
INSERT INTO `mydb`.`Orders` (`id_order`, `id_customer`, `id_delivery`, `id_respons_employee`, `OrderDatTime`, `order_status`) VALUES (10, 5, 10, 322, '2014-05-18', 'получен');
INSERT INTO `mydb`.`Orders` (`id_order`, `id_customer`, `id_delivery`, `id_respons_employee`, `OrderDatTime`, `order_status`) VALUES (11, 6, 11, 323, '2014-06-10', 'получен');
INSERT INTO `mydb`.`Orders` (`id_order`, `id_customer`, `id_delivery`, `id_respons_employee`, `OrderDatTime`, `order_status`) VALUES (12, 6, 12, 323, '2014-06-12', 'получен');
INSERT INTO `mydb`.`Orders` (`id_order`, `id_customer`, `id_delivery`, `id_respons_employee`, `OrderDatTime`, `order_status`) VALUES (13, 7, 13, 323, '2014-06-20', 'получен');
INSERT INTO `mydb`.`Orders` (`id_order`, `id_customer`, `id_delivery`, `id_respons_employee`, `OrderDatTime`, `order_status`) VALUES (14, 7, 14, 323, '2014-08-21', 'получен');
INSERT INTO `mydb`.`Orders` (`id_order`, `id_customer`, `id_delivery`, `id_respons_employee`, `OrderDatTime`, `order_status`) VALUES (15, 8, 15, 322, '2014-08-25', 'получен');
INSERT INTO `mydb`.`Orders` (`id_order`, `id_customer`, `id_delivery`, `id_respons_employee`, `OrderDatTime`, `order_status`) VALUES (16, 8, 16, 322, '2014-09-26', 'получен');
INSERT INTO `mydb`.`Orders` (`id_order`, `id_customer`, `id_delivery`, `id_respons_employee`, `OrderDatTime`, `order_status`) VALUES (17, 8, 17, 321, '2014-10-15', 'получен');
INSERT INTO `mydb`.`Orders` (`id_order`, `id_customer`, `id_delivery`, `id_respons_employee`, `OrderDatTime`, `order_status`) VALUES (18, 8, 18, 321, '2014-10-20', 'получен');
INSERT INTO `mydb`.`Orders` (`id_order`, `id_customer`, `id_delivery`, `id_respons_employee`, `OrderDatTime`, `order_status`) VALUES (19, 8, 19, 321, '2014-11-11', 'получен');
INSERT INTO `mydb`.`Orders` (`id_order`, `id_customer`, `id_delivery`, `id_respons_employee`, `OrderDatTime`, `order_status`) VALUES (20, 8, 10, 321, '2014-12-12', 'получен');

COMMIT;


-- -----------------------------------------------------
-- Data for table `mydb`.`Warehouse`
-- -----------------------------------------------------
START TRANSACTION;
USE `mydb`;
INSERT INTO `mydb`.`Warehouse` (`id_warehouse`, `Location`, `Capacity`) VALUES (111, 'Петроградка', '50га');
INSERT INTO `mydb`.`Warehouse` (`id_warehouse`, `Location`, `Capacity`) VALUES (222, 'Васька', '200га');
INSERT INTO `mydb`.`Warehouse` (`id_warehouse`, `Location`, `Capacity`) VALUES (333, 'Комменда', '250га');

COMMIT;


-- -----------------------------------------------------
-- Data for table `mydb`.`CategoryProduct`
-- -----------------------------------------------------
START TRANSACTION;
USE `mydb`;
INSERT INTO `mydb`.`CategoryProduct` (`id_category`, `name`, `description`) VALUES (543, 'Фрукты', 'различные фрукты, от яблок до глаза дракона');
INSERT INTO `mydb`.`CategoryProduct` (`id_category`, `name`, `description`) VALUES (345, 'Овощи', 'картофель, морковь, лук и что-то еще');
INSERT INTO `mydb`.`CategoryProduct` (`id_category`, `name`, `description`) VALUES (234, 'Бытовая химия', 'Мистер пропер, Ариель, Тайд ');
INSERT INTO `mydb`.`CategoryProduct` (`id_category`, `name`, `description`) VALUES (98, 'Техника', 'Самсунг, Ксиаоми, Элджи. (Эпл нет! не любим такое)');
INSERT INTO `mydb`.`CategoryProduct` (`id_category`, `name`, `description`) VALUES (567, 'Молочка', 'Молоко, кефир, ряженка');
INSERT INTO `mydb`.`CategoryProduct` (`id_category`, `name`, `description`) VALUES (5, 'Мучные изделия', 'злеб, булочки, пирожки');
INSERT INTO `mydb`.`CategoryProduct` (`id_category`, `name`, `description`) VALUES (343, 'Напитки', 'вода, лимонад, сок. (Алкоголь не продаем!!)');
INSERT INTO `mydb`.`CategoryProduct` (`id_category`, `name`, `description`) VALUES (2, 'Готовая еда', 'Бургеры, готовые салаты ...');
INSERT INTO `mydb`.`CategoryProduct` (`id_category`, `name`, `description`) VALUES (346, 'Мясо и птица', 'Говядина, курица, индейка, телятина. (Свинины нет!!!)');
INSERT INTO `mydb`.`CategoryProduct` (`id_category`, `name`, `description`) VALUES (989, 'Рыба и дары моря', 'Красная рыба, белая рыба и морские гадости');

COMMIT;


-- -----------------------------------------------------
-- Data for table `mydb`.`Supplier`
-- -----------------------------------------------------
START TRANSACTION;
USE `mydb`;
INSERT INTO `mydb`.`Supplier` (`id_supplier`, `name`, `description`, `address`) VALUES (1, 'Мвидео', 'бытовая техника', 'Где-то в Москве');
INSERT INTO `mydb`.`Supplier` (`id_supplier`, `name`, `description`, `address`) VALUES (2, 'Садовод', 'выпечка и молочка', 'Где-то за Москвой');
INSERT INTO `mydb`.`Supplier` (`id_supplier`, `name`, `description`, `address`) VALUES (3, 'ООО \"ООО\"', 'яица', 'Владивосток');
INSERT INTO `mydb`.`Supplier` (`id_supplier`, `name`, `description`, `address`) VALUES (4, 'Рыбка-за-деньги', 'рыба и морские гадости', 'Япония');
INSERT INTO `mydb`.`Supplier` (`id_supplier`, `name`, `description`, `address`) VALUES (5, 'Самсунг', 'техника', 'Южная Корея');
INSERT INTO `mydb`.`Supplier` (`id_supplier`, `name`, `description`, `address`) VALUES (6, 'Big Clean', 'химия', 'рядом с Садоводом');

COMMIT;


-- -----------------------------------------------------
-- Data for table `mydb`.`Product`
-- -----------------------------------------------------
START TRANSACTION;
USE `mydb`;
INSERT INTO `mydb`.`Product` (`id_product`, `id_warehouse`, `id_supplier`, `id_order`, `id_category`, `name`, `description`, `expiration_date`, `price`) VALUES (1, 111, 1, 5, 543, 'Яблоки', 'Антоновки 3кг', '2099-01-01', 250);
INSERT INTO `mydb`.`Product` (`id_product`, `id_warehouse`, `id_supplier`, `id_order`, `id_category`, `name`, `description`, `expiration_date`, `price`) VALUES (2, 222, 3, 4, 345, 'картошка', 'белорусская', '2099-01-01', 100);
INSERT INTO `mydb`.`Product` (`id_product`, `id_warehouse`, `id_supplier`, `id_order`, `id_category`, `name`, `description`, `expiration_date`, `price`) VALUES (3, 111, 4, 3, 234, 'Мистер мускул', 'свой, родной', '2099-01-01', 399);
INSERT INTO `mydb`.`Product` (`id_product`, `id_warehouse`, `id_supplier`, `id_order`, `id_category`, `name`, `description`, `expiration_date`, `price`) VALUES (4, 333, 2, 1, 98, 'Пылесос', 'без комментариев', '2099-01-01', 50000);
INSERT INTO `mydb`.`Product` (`id_product`, `id_warehouse`, `id_supplier`, `id_order`, `id_category`, `name`, `description`, `expiration_date`, `price`) VALUES (5, 333, 5, 1, 567, 'Молоко', 'коровье', '2099-01-01', 200);
INSERT INTO `mydb`.`Product` (`id_product`, `id_warehouse`, `id_supplier`, `id_order`, `id_category`, `name`, `description`, `expiration_date`, `price`) VALUES (6, 222, 6, 5, 5, 'булочка', 'с маком', '2099-01-01', 43);
INSERT INTO `mydb`.`Product` (`id_product`, `id_warehouse`, `id_supplier`, `id_order`, `id_category`, `name`, `description`, `expiration_date`, `price`) VALUES (7, 111, 4, 5, 343, 'вода', 'минеральная', '2099-01-01', 100);
INSERT INTO `mydb`.`Product` (`id_product`, `id_warehouse`, `id_supplier`, `id_order`, `id_category`, `name`, `description`, `expiration_date`, `price`) VALUES (8, 333, 3, 8, 2, 'бургер', 'из бургер кинга', '2099-01-01', 399);
INSERT INTO `mydb`.`Product` (`id_product`, `id_warehouse`, `id_supplier`, `id_order`, `id_category`, `name`, `description`, `expiration_date`, `price`) VALUES (9, 222, 2, 3, 346, 'говядина', 'халяль', '2099-01-01', 500);
INSERT INTO `mydb`.`Product` (`id_product`, `id_warehouse`, `id_supplier`, `id_order`, `id_category`, `name`, `description`, `expiration_date`, `price`) VALUES (10, 222, 5, 2, 989, 'форель', 'для богатых', '2099-01-01', 2999);
INSERT INTO `mydb`.`Product` (`id_product`, `id_warehouse`, `id_supplier`, `id_order`, `id_category`, `name`, `description`, `expiration_date`, `price`) VALUES (11, 111, 1, 4, 543, 'Груши', 'вкусные', '2099-01-01', 350);
INSERT INTO `mydb`.`Product` (`id_product`, `id_warehouse`, `id_supplier`, `id_order`, `id_category`, `name`, `description`, `expiration_date`, `price`) VALUES (12, 222, 2, 4, 345, 'морковь', 'наша', '2099-01-01', 80);
INSERT INTO `mydb`.`Product` (`id_product`, `id_warehouse`, `id_supplier`, `id_order`, `id_category`, `name`, `description`, `expiration_date`, `price`) VALUES (13, 333, 3, 6, 234, 'Белизна', 'выбели всё', '2099-01-01', 267);
INSERT INTO `mydb`.`Product` (`id_product`, `id_warehouse`, `id_supplier`, `id_order`, `id_category`, `name`, `description`, `expiration_date`, `price`) VALUES (14, 111, 4, 7, 98, 'компьютер', 'пора работать', '2099-01-01', 79000);
INSERT INTO `mydb`.`Product` (`id_product`, `id_warehouse`, `id_supplier`, `id_order`, `id_category`, `name`, `description`, `expiration_date`, `price`) VALUES (15, 222, 5, 11, 567, 'кефир', 'свой', '2099-01-01', 98);
INSERT INTO `mydb`.`Product` (`id_product`, `id_warehouse`, `id_supplier`, `id_order`, `id_category`, `name`, `description`, `expiration_date`, `price`) VALUES (16, 333, 1, 9, 5, 'пирожок', ' с картошкой', '2099-01-01', 34);
INSERT INTO `mydb`.`Product` (`id_product`, `id_warehouse`, `id_supplier`, `id_order`, `id_category`, `name`, `description`, `expiration_date`, `price`) VALUES (17, 111, 2, 13, 343, 'энергетик', 'а как без него сессию закрыть', '2099-01-01', 150);
INSERT INTO `mydb`.`Product` (`id_product`, `id_warehouse`, `id_supplier`, `id_order`, `id_category`, `name`, `description`, `expiration_date`, `price`) VALUES (18, 222, 3, 10, 2, 'сэндвич', 'из сабвэй', '2099-01-01', 350);
INSERT INTO `mydb`.`Product` (`id_product`, `id_warehouse`, `id_supplier`, `id_order`, `id_category`, `name`, `description`, `expiration_date`, `price`) VALUES (19, 333, 4, 14, 346, 'баранина', 'халяль', '2099-01-01', 399);
INSERT INTO `mydb`.`Product` (`id_product`, `id_warehouse`, `id_supplier`, `id_order`, `id_category`, `name`, `description`, `expiration_date`, `price`) VALUES (20, 111, 5, 15, 989, 'кальмары', 'вкусные', '2099-01-01', 599);
INSERT INTO `mydb`.`Product` (`id_product`, `id_warehouse`, `id_supplier`, `id_order`, `id_category`, `name`, `description`, `expiration_date`, `price`) VALUES (21, 222, 6, 16, 543, 'бананы', 'африканские', '2099-01-01', 400);
INSERT INTO `mydb`.`Product` (`id_product`, `id_warehouse`, `id_supplier`, `id_order`, `id_category`, `name`, `description`, `expiration_date`, `price`) VALUES (22, 333, 1, 12, 345, 'лук', 'красный', '2099-01-01', 50);
INSERT INTO `mydb`.`Product` (`id_product`, `id_warehouse`, `id_supplier`, `id_order`, `id_category`, `name`, `description`, `expiration_date`, `price`) VALUES (23, 111, 2, 17, 234, 'Fairy', 'помой уже посуду', '2099-01-01', 250);
INSERT INTO `mydb`.`Product` (`id_product`, `id_warehouse`, `id_supplier`, `id_order`, `id_category`, `name`, `description`, `expiration_date`, `price`) VALUES (24, 222, 3, 17, 98, 'Мышь', 'компьютерная', '2099-01-01', 2500);
INSERT INTO `mydb`.`Product` (`id_product`, `id_warehouse`, `id_supplier`, `id_order`, `id_category`, `name`, `description`, `expiration_date`, `price`) VALUES (25, 333, 4, 13, 567, 'Айран', 'не наш', '2099-01-01', 99);
INSERT INTO `mydb`.`Product` (`id_product`, `id_warehouse`, `id_supplier`, `id_order`, `id_category`, `name`, `description`, `expiration_date`, `price`) VALUES (26, 111, 5, 18, 5, 'хлеб', 'с отрубями', '2099-01-01', 150);
INSERT INTO `mydb`.`Product` (`id_product`, `id_warehouse`, `id_supplier`, `id_order`, `id_category`, `name`, `description`, `expiration_date`, `price`) VALUES (27, 222, 6, 18, 343, 'буратино', 'лимонад нашего детства', '2099-01-01', 69);
INSERT INTO `mydb`.`Product` (`id_product`, `id_warehouse`, `id_supplier`, `id_order`, `id_category`, `name`, `description`, `expiration_date`, `price`) VALUES (28, 333, 1, 19, 2, 'суши', 'токио-сити', '2099-01-01', 499);
INSERT INTO `mydb`.`Product` (`id_product`, `id_warehouse`, `id_supplier`, `id_order`, `id_category`, `name`, `description`, `expiration_date`, `price`) VALUES (29, 111, 2, 19, 346, 'курица', 'халяль', '2099-01-01', 359);
INSERT INTO `mydb`.`Product` (`id_product`, `id_warehouse`, `id_supplier`, `id_order`, `id_category`, `name`, `description`, `expiration_date`, `price`) VALUES (30, 222, 3, 20, 989, 'устрицы', 'с финского залива', '2099-01-01', 5999);

COMMIT;


